	alanine	arginine	asparagine	aspartate	glutamate	glutamine	glycine	histidine	ilp1011	ilp115	ilp141	ilp196	ilp207	ilp21	ilp37	ilp377	ilp378	ilp402	ilp407	isoleucine	leucine	lysine	methionine	phenylalanine	proline	serine	threonine	tryptophan	tyrosine	valine
0						A5Z2X5																								
1						D6VTK4																								
2		O13297																												
3						O13563																								
4							O14455																							
5						O43137																								
6	O74700																													
7	P00044																													
8							P00128																							
9		P00175																												
10								P00330																						
11							P00358																							
12						P00359																								
13						P00360																								
14							P00410																							
15							P00425																							
16							P00427																							
17							P00431																							
18		P00445																												
19					P00447																									
20		P00498																												
21							P00549																							
22							P00560																							
23						P00724																								
24		P00729																												
25						P00815																								
26						P00817																								
27						P00830																								
28						P00890																								
29						P00899																								
30	P00912																													
31	P00924																													
32							P00925																							
33		P00927																												
34						P00931																								
35						P00937																								
36	P00942																													
37							P00950																							
38						P00958																								
39						P01094																								
40						P01097																								
41						P01098																								
42		P01119																												
43						P01120																								
44						P01123																								
45						P02309																								
46	P02406																													
47							P02557																							
48						P02829																								
49							P02992																							
50																									P02994					
51																									P03962					
52						P03965																								
53							P04037																							
54							P04039																							
55						P04046																								
56						P04076																								
57	P04147																													
58						P04161																								
59																									P04173					
60							P04449																							
61																													P04456	
62																														P04650
63						P04801																								
64	P04802																													
65						P04806																								
66							P04807																							
67		P04817																												
68							P04821																							
69							P04840																							
70						P05150																								
71							P05317																							
72						P05318																								
73						P05319																								
74					P05373																									
75							P05374																							
76																									P05375					
77																								P05453						
78						P05626																								
79							P05694																							
80	P05737																													
81						P05738																								
82							P05739																							
83							P05740																							
84							P05745																							
85							P05747																							
86	P05748																													
87	P05749																													
88							P05750																							
89	P05756																													
90																									P06103					
91							P06105																							
92	P06106																													
93						P06115																								
94							P06168																							
95																									P06169					
96							P06174																							
97		P06182																												
98							P06197																							
99																										P06208				
100						P06244																								
101						P06245																								
102																									P06633					
103		P06634																												
104	P06704																													
105						P06738																								
106	P06780																													
107						P06782																								
108							P06785																							
109																														P06786
110							P07143																							
111	P07149																													
112						P07170																								
113						P07172																								
114		P07213																												
115						P07244																								
116						P07245																								
117																										P07246				
118						P07251																								
119							P07255																							
120							P07256																							
121							P07257																							
122		P07259																												
123						P07260																								
124																														P07262
125						P07263																								
126																										P07264				
127						P07267																								
128																									P07273					
129						P07275																								
130						P07278																								
131			P07283																											
132	P07284																													
133						P07285																								
134	P07342																													
135						P07560																								
136						P07702																								
137						P07703																								
138						P07806																								
139						P07991																								
140						P08067																								
141	P08417																													
142																								P08456						
143		P08465																												
144						P08466																								
145																														P08518
146	P08524																													
147	P08536																													
148																										P08566				
149	P08679																													
150		P08964																												
151						P09064																								
152	P09232																													
153						P09435																								
154						P09436																								
155						P09440																								
156							P09457																							
157	P09624																													
158							P09733																							
159	P09734																													
160	P09950																													
161			P0C0V8																											
162							P0C0W1																							
163							P0C2H8																							
164							P0C2H9																							
165																										P0CS90				
166						P0CT04																								
167						P10080																								
168																									P10081					
169						P10127																								
170		P10507																												
171						P10591																								
172						P10592																								
173				P10614																										
174	P10622																													
175							P10659																							
176																				P10662										
177							P10664																							
178						P10823																								
179																										P10869				
180																									P10964					
181	P11075																													
182						P11076																								
183	P11154																													
184							P11353																							
185	P11412																													
186						P11484																								
187																														P11491
188				P11632																										
189																											P11633			
190																									P11745					
191							P11746																							
192																									P11792					
193			P11914																											
194		P11938																												
195		P11972																												
196	P11986																													
197																									P12385					
198						P12611																								
199																									P12612					
200	P12630																													
201	P12683																													
202																									P12684					
203	P12688																													
204		P12695																												
205								P12709																						
206						P12904																								
207						P12945																								
208						P12962																								
209																									P13185					
210						P13186																								
211						P13188																								
212						P13298																								
213																													P13382	
214						P13517																								
215	P13586																													
216						P13663																								
217	P13856																													
218		P14020																												
219						P14065																								
220																									P14120					
221							P14126																							
222						P14306																								
223							P14540																							
224						P14680																								
225				P14742																										
226						P14747																								
227						P14832																								
228		P14843																												
229						P14904																								
230	P14906																													
231	P14907																													
232																								P14922						
233																									P15019					
234																														P15108
235						P15180																								
236						P15274																								
237						P15303																								
238								P15367																						
239																													P15424	
240						P15454																								
241	P15496																													
242																					P15565									
243						P15624																								
244																									P15625					
245						P15646																								
246						P15700																								
247																									P15703					
248					P15705																									
249							P15731																							
250																					P15873									
251																									P15891					
252						P15992																								
253						P16120																								
254						P16140																								
255	P16370																													
256																										P16387				
257								P16451																						
258																									P16467					
259		P16474																												
260																									P16521					
261						P16547																								
262						P16550																								
263																										P16603				
264						P16622																								
265																					P16649									
266							P16861																							
267							P16862																							
268						P16965																								
269							P17064																							
270	P17076																													
271																					P17106									
272						P17157																								
273																														P17255
274																									P17423					
275						P17505																								
276					P17536																									
277						P17555																								
278						P17649																								
279		P17695																												
280						P17709																								
281		P17891																												
282																														P17898
283	P17967																													
284						P18239																								
285						P18408																								
286																									P18562					
287						P18759																								
288							P18851																							
289	P18899																													
290						P18900																								
291																											P18962			
292																							P18963							
293							P19073																							
294	P19097																													
295	P19145																													
296							P19146																							
297						P19262																								
298							P19358																							
299																										P19414				
300																				P19454										
301	P19524																													
302	P19812																													
303																										P19882				
304						P19955																								
305																									P20049					
306						P20051																								
307						P20107																								
308					P20424																									
309	P20433																													
310																									P20434					
311						P20435																								
312						P20436																								
313																									P20447					
314	P20449																													
315						P20459																								
316						P20484																								
317																													P20485	
318					P20486																									
319						P20606																								
320							P20967																							
321	P21147																													
322	P21243																													
323	P21264																													
324						P21304																								
325							P21306																							
326		P21538																												
327	P21576																													
328		P21734																												
329							P21801																							
330						P21954																								
331																													P21957	
332							P21965																							
333		P22108																												
334																								P22133						
335	P22137																													
336																									P22138					
337						P22139																								
338																									P22141					
339						P22146																								
340	P22147																													
341						P22202																								
342					P22203																									
343		P22211																												
344	P22213																													
345																					P22214									
346	P22217																													
347						P22289																								
348						P22336																								
349	P22515																													
350						P22517																								
351		P22579																												
352						P22768																								
353		P22803																												
354						P22855																								
355						P22943																								
356						P23180																								
357						P23202																								
358							P23248																							
359						P23254																								
360						P23285																								
361					P23292																									
362																									P23301					
363						P23337																								
364						P23542																								
365		P23561																												
366																													P23615	
367						P23638																								
368																									P23639					
369						P23641																								
370							P23644																							
371						P23724																								
372						P23776																								
373							P24000																							
374	P24276																													
375								P24279																						
376						P24280																								
377							P24521																							
378	P24783																													
379																									P24784					
380										P25037																				
381		P25039																												
382	P25040																													
383		P25043																												
384																									P25044					
385		P25087																												
386		P25293																												
387		P25294																												
388		P25298																												
389						P25303																								
390		P25335																												
391		P25339																												
392						P25342																								
393																										P25343				
394						P25349																								
395			P25358																											
396																									P25361					
397																									P25367					
398																														P25369
399																										P25371				
400						P25372																								
401						P25373																								
402																														P25375
403				P25386																										
404						P25441																								
405							P25443																							
406														P25451																
407						P25491																								
408							P25515																							
409					P25566																									
410																									P25567					
411		P25569																												
412	P25572																													
413						P25582																								
414																									P25586					
415						P25605																								
416						P25623																								
417		P25626																												
418						P25631																								
419						P25635																								
420						P25644																								
421	P25655																													
422		P25719																												
423																									P26263					
424							P26321																							
425						P26637																								
426							P26783																							
427							P26784																							
428	P26785																													
429						P26786																								
430						P27466																								
431						P27472																								
432						P27476																								
433		P27614																												
434						P27616																								
435					P27692																									
436						P27705																								
437		P27809																												
438																									P27810					
439																									P27882					
440	P27999																													
441	P28000																													
442						P28007																								
443																										P28241				
444		P28272																												
445						P28273																								
446						P28274																								
447						P28321																								
448						P28495																								
449						P28625																								
450					P28707																									
451						P28777																								
452	P28789																													
453																										P28834				
454		P29029																												
455																													P29295	
456																						P29311								
457																									P29453					
458	P29465																													
459	P29468																													
460	P29478																													
461						P29496																								
462							P29509																							
463						P29547																								
464	P29704																													
465						P29952																								
466																									P30402					
467																		P30605												
468						P30624																								
469																									P30656					
470																														P30657
471																							P30771							
472	P30822																													
473							P30902																							
474						P31116																								
475						P31373																								
476						P31382																								
477	P31383																													
478	P31384																													
479					P31412																									
480						P31688																								
481						P31755																								
482																										P31787				
483																					P32047									
484	P32074																													
485						P32178																								
486						P32179																								
487						P32191																								
488		P32263																												
489						P32264																								
490		P32266																												
491																										P32288				
492						P32316																								
493						P32324																								
494							P32327																							
495																					P32329									
496							P32332																							
497						P32335																								
498		P32337																												
499						P32340																								
500		P32347																												
501					P32351																									
502						P32352																								
503						P32356																								
504	P32366																													
505	P32368																													
506						P32377																								
507	P32379																													
508						P32381																								
509							P32386																							
510		P32419																												
511					P32445																									
512																						P32447								
513						P32449																								
514																										P32453				
515	P32454																													
516						P32457																								
517							P32458																							
518																								P32459						
519		P32463																												
520						P32465																								
521		P32466																												
522						P32468																								
523						P32469																								
524	P32471																													
525	P32472																													
526																										P32473				
527		P32477																												
528	P32478																													
529																									P32481					
530		P32485																												
531																													P32486	
532																										P32494				
533						P32495																								
534																									P32497					
535							P32501																							
536																				P32502										
537						P32521																								
538						P32527																								
539	P32528																													
540	P32529																													
541	P32558																													
542						P32561																								
543						P32563																								
544																														P32564
545	P32565																													
546	P32566																													
547	P32570																													
548							P32582																							
549						P32583																								
550		P32588																												
551						P32589																								
552						P32590																								
553					P32597																									
554						P32598																								
555						P32599																								
556						P32602																								
557		P32608																												
558								P32610																						
559							P32614																							
560																						P32621								
561		P32623																												
562																									P32626					
563																									P32628					
564																									P32643					
565						P32771																								
566						P32775																								
567							P32787																							
568						P32790																								
569																									P32794					
570		P32795																												
571	P32798																													
572							P32799																							
573						P32803																								
574						P32804																								
575	P32832																													
576						P32843																								
577							P32857																							
578	P32860																													
579						P32861																								
580							P32864																							
581	P32867																													
582		P32891																												
583						P32892																								
584	P32895																													
585						P32902																								
586						P32911																								
587	P32915																													
588						P32939																								
589						P33201																								
590						P33202																								
591						P33204																								
592						P33297																								
593	P33298																													
594																									P33302					
595						P33313																								
596						P33315																								
597							P33317																							
598						P33322																								
599																														P33324
600						P33328																								
601						P33330																								
602																									P33331					
603		P33332																												
604																														P33333
605																									P33338					
606						P33399																								
607						P33401																								
608						P33416																								
609							P33442																							
610						P33734																								
611																											P33750			
612			P33755																											
613						P33767																								
614	P33775																													
615	P33892																													
616	P34078																													
617																														P34087
618																									P34160					
619						P34167																								
620																									P34216					
621																										P34217				
622						P34220																								
623						P34222																								
624						P34227																								
625						P34253																								
626																					P34730									
627							P34760																							
628																										P34909				
629							P35172																							
630						P35176																								
631		P35179																												
632																							P35180							
633						P35184																								
634																												P35189		
635						P35194																								
636	P35197																													
637	P35207																													
638						P35691																								
639						P35719																								
640																					P35723									
641						P35732																								
642																											P35817			
643							P35844																							
644						P36007																								
645						P36008																								
646					P36010																									
647	P36013																													
648			P36015																											
649																										P36016				
650	P36017																													
651						P36018																								
652																									P36037					
653					P36040																									
654	P36046																													
655						P36047																								
656						P36049																								
657	P36051																													
658																									P36053					
659						P36059																								
660						P36060																								
661							P36064																							
662						P36069																								
663	P36088																													
664		P36105																												
665							P36108																							
666																					P36110									
667		P36112																												
668						P36114																								
669						P36121																								
670	P36135																													
671						P36136																								
672						P36139																								
673						P36141																								
674						P36148																								
675					P36149																									
676						P36150																								
677							P36151																							
678																					P36154									
679						P36160																								
680							P36161																							
681							P36166																							
682																									P36421					
683	P36523																													
684																					P36534									
685						P37012																								
686								P37262																						
687															P37263															
688		P37267																												
689							P37291																							
690		P37292																												
691	P37296																													
692		P37302																												
693																									P37303					
694		P37370																												
695	P37838																													
696		P37898																												
697						P38009																								
698							P38011																							
699				P38013																										
700							P38061																							
701						P38067																								
702						P38068																								
703						P38069																								
704						P38071																								
705																									P38074					
706			P38075																											
707							P38077																							
708	P38079																													
709						P38081																								
710																									P38088					
711																														P38109
712																										P38113				
713						P38115																								
714	P38137																													
715	P38143																													
716																					P38144									
717						P38145																								
718	P38152																													
719							P38166																							
720		P38167																												
721						P38174																								
722						P38197																								
723	P38203																													
724																				P38205										
725	P38217																													
726						P38219																								
727																									P38221					
728																														P38225
729																					P38230									
730						P38234																								
731						P38235																								
732																					P38237									
733						P38248																								
734																									P38249					
735						P38250																								
736						P38264																								
737							P38281																							
738	P38286																													
739						P38295																								
740						P38314																								
741						P38325																								
742							P38328																							
743						P38333																								
744						P38340																								
745							P38341																							
746						P38342																								
747						P38345																								
748																														P38353
749	P38355																													
750						P38426																								
751						P38427																								
752																									P38431					
753		P38523																												
754								P38555																						
755						P38616																								
756																									P38620					
757																														P38623
758	P38624																													
759						P38625																								
760						P38626																								
761																									P38627					
762		P38628																												
763																												P38629		
764								P38630																						
765						P38631																								
766		P38636																												
767						P38682																								
768																												P38687		
769																													P38688	
770																									P38689					
771																									P38698					
772						P38701																								
773						P38703																								
774																									P38707					
775																									P38708					
776																									P38710					
777																									P38712					
778						P38715																								
779							P38716																							
780																									P38719					
781																									P38732					
782																														P38736
783																									P38754					
784						P38755																								
785						P38758																								
786																									P38759					
787	P38764																													
788																									P38768					
789						P38777																								
790																									P38779					
791																									P38787					
792						P38788																								
793						P38791																								
794	P38792																													
795						P38795																								
796						P38804																								
797						P38809																								
798						P38810																								
799						P38817																								
800																					P38821									
801						P38822																								
802																									P38825					
803																												P38828		
804																				P38833										
805																									P38837					
806						P38841																								
807	P38845																													
808						P38853																								
809																									P38861					
810		P38866																												
811																									P38879					
812						P38882																								
813							P38883																							
814		P38884																												
815																									P38886					
816		P38887																												
817						P38891																								
818						P38902																								
819								P38903																						
820		P38910																												
821						P38911																								
822	P38912																													
823							P38922																							
824																					P38928									
825						P38929																								
826																										P38934				
827						P38968																								
828																					P38970									
829						P38972																								
830																												P38985		
831						P38986																								
832		P38988																												
833				P38993																										
834																					P38996									
835						P38998																								
836																											P38999			
837					P39006																									
838			P39007																											
839	P39010																													
840																										P39012				
841																							P39013							
842						P39015																								
843						P39076																								
844																									P39077					
845																									P39078					
846																									P39079					
847						P39101																								
848		P39105																												
849	P39106																													
850						P39109																								
851	P39111																													
852							P39516																							
853	P39517																													
854																										P39522				
855	P39533																													
856																														P39540
857																									P39564					
858		P39683																												
859								P39692																						
860	P39704																													
861			P39714																											
862																					P39719									
863																					P39721									
864																										P39724				
865	P39726																													
866						P39727																								
867																									P39729					
868																									P39730					
869																									P39742					
870						P39743																								
871						P39744																								
872																														P39926
873				P39929																										
874	P39931																													
875						P39935																								
876	P39936																													
877							P39938																							
878							P39939																							
879						P39940																								
880	P39954																													
881						P39958																								
882							P39960																							
883																						P39966								
884						P39968																								
885									P39974																					
886						P39976																								
887		P39979																												
888					P39984																									
889					P39986																									
890	P39990																													
891																						P39993								
892			P39998																											
893				P40005																										
894	P40008																													
895						P40010																								
896						P40011																								
897	P40016																													
898																				P40018										
899																									P40024					
900						P40029																								
901																														P40030
902																									P40032					
903						P40035																								
904	P40037																													
905						P40038																								
906		P40040																												
907							P40043																							
908								P40045																						
909		P40047																												
910																														P40052
911																						P40053								
912																													P40066	
913		P40069																												
914	P40070																													
915						P40075																								
916						P40081																								
917						P40086																								
918				P40088																										
919	P40093																													
920						P40096																								
921																				P40098										
922						P40106																								
923						P40150																								
924		P40157																												
925							P40159																							
926																					P40160									
927					P40161																									
928						P40165																								
929		P40185																												
930						P40202																								
931																									P40212					
932							P40215																							
933	P40217																													
934																									P40302					
935	P40303																													
936		P40319																												
937																				P40343										
938						P40363																								
939						P40364																								
940						P40413																								
941							P40414																							
942	P40422																													
943						P40459																								
944	P40462																													
945						P40471																								
946																										P40472				
947																											P40474			
948																				P40477										
949	P40482																													
950						P40485																								
951	P40495																													
952																														P40498
953					P40501																									
954	P40506																													
955																													P40509	
956	P40510																													
957																										P40513				
958							P40515																							
959																								P40516						
960																														P40517
961																						P40518								
962																										P40531				
963																										P40545				
964	P40550																													
965							P40554																							
966																									P40564					
967																										P40579				
968						P40580																								
969																														P40581
970						P40582																								
971						P40693																								
972						P40825																								
973	P40893																													
974		P40961																												
975		P40970																												
976	P40989																													
977						P40991																								
978																									P41056					
979						P41057																								
980							P41058																							
981						P41277																								
982						P41338																								
983							P41805																							
984						P41807																								
985	P41810																													
986						P41811																								
987						P41814																								
988						P41818																								
989							P41819																							
990																				P41895										
991							P41896																							
992						P41903																								
993						P41911																								
994						P41920																								
995						P41921																								
996						P41940																								
997																											P41948			
998						P42826																								
999						P42838																								
1000						P42846																								
1001						P42934																								
1002						P42935																								
1003						P42936																								
1004						P42938																								
1005	P42940																													
1006						P42941																								
1007																									P42943					
1008						P42945																								
1009						P42949																								
1010							P43123																							
1011																												P43321		
1012																									P43535					
1013																									P43555					
1014																									P43569					
1015	P43574																													
1016							P43577																							
1017						P43582																								
1018							P43585																							
1019						P43586																								
1020						P43587																								
1021																									P43588					
1022							P43590																							
1023											P43593																			
1024						P43594																								
1025																					P43598									
1026		P43603																												
1027	P43609																													
1028			P43613																											
1029			P43616																											
1030		P43619																												
1031						P43621																								
1032						P43638																								
1033					P46151																									
1034						P46367																								
1035						P46654																								
1036																									P46655					
1037																									P46669					
1038						P46672																								
1039					P46673																									
1040						P46680																								
1041							P46681																							
1042						P46683																								
1043							P46956																							
1044			P46964																											
1045		P46971																												
1046		P46984																												
1047			P46985																											
1048	P46988																													
1049							P46990																							
1050	P46992																													
1051						P47001																								
1052						P47006																								
1053						P47008																								
1054	P47017																													
1055																														P47018
1056	P47031																													
1057						P47032																								
1058						P47039																								
1059	P47044																													
1060						P47068																								
1061						P47072																								
1062							P47075																							
1063																									P47079					
1064						P47083																								
1065						P47085																								
1066																									P47089					
1067																													P47096	
1068						P47116																								
1069						P47117																								
1070						P47119																								
1071						P47120																								
1072	P47122																													
1073		P47123																												
1074		P47124																												
1075						P47127																								
1076						P47137																								
1077				P47143																										
1078																									P47148					
1079	P47154																													
1080		P47160																												
1081						P47165																								
1082	P47169																													
1083																						P47173								
1084						P47771																								
1085		P47818																												
1086					P47912																									
1087						P48015																								
1088							P48164																							
1089							P48231																							
1090						P48353																								
1091						P48362																								
1092	P48363																													
1093	P48415																													
1094						P48570																								
1095						P48582																								
1096						P48589																								
1097																														P48606
1098																					P48836									
1099							P48837																							
1100						P49017																								
1101						P49090																								
1102					P49095																									
1103							P49166																							
1104						P49334																								
1105	P49367																													
1106						P49435																								
1107																									P49626					
1108					P49723																									
1109																					P49954									
1110						P49957																								
1111		P50085																												
1112																														P50086
1113						P50094																								
1114						P50095																								
1115						P50101																								
1116						P50106																								
1117							P50107																							
1118	P50275																													
1119		P50278																												
1120																									P50861					
1121						P50896																								
1122	P51401																													
1123						P51601																								
1124																														P51998
1125						P52489																								
1126			P52490																											
1127						P52553																								
1128		P52871																												
1129	P52893																													
1130							P52910																							
1131	P52911																													
1132					P52917																									
1133		P52918																												
1134																														P53008
1135							P53011																							
1136																														P53039
1137						P53049																								
1138							P53066																							
1139						P53076																								
1140						P53081																								
1141						P53090																								
1142							P53111																							
1143						P53128																								
1144						P53130																								
1145						P53131																								
1146						P53140																								
1147	P53141																													
1148	P53144																													
1149																									P53145					
1150																P53163														
1151																										P53172				
1152	P53173																													
1153						P53183																								
1154						P53184																								
1155		P53189																												
1156																										P53194				
1157																										P53199				
1158	P53200																													
1159																									P53210					
1160							P53221																							
1161						P53228																								
1162																									P53235					
1163						P53241																								
1164							P53250																							
1165						P53252																								
1166	P53254																													
1167													P53256																	
1168						P53258																								
1169						P53261																								
1170	P53273																													
1171						P53276																								
1172						P53278																								
1173																										P53281				
1174		P53290																												
1175							P53292																							
1176																									P53295					
1177		P53297																												
1178							P53299																							
1179							P53301																							
1180						P53303																								
1181						P53312																								
1182	P53313																													
1183						P53315																								
1184						P53316																								
1185						P53319																								
1186																														P53326
1187																														P53334
1188	P53337																													
1189																														P53378
1190																	P53507													
1191							P53550																							
1192						P53551																								
1193							P53598																							
1194																											P53600			
1195	P53622																													
1196		P53633																												
1197						P53691																								
1198																							P53721							
1199							P53723																							
1200	P53730																													
1201	P53731																													
1202	P53733																													
1203																								P53738						
1204						P53742																								
1205							P53743																							
1206							P53753																							
1207						P53834																								
1208						P53839																								
1209							P53848																							
1210																							P53849							
1211						P53852																								
1212						P53859																								
1213																									P53860					
1214																					P53871									
1215																									P53877					
1216							P53879																							
1217						P53883																								
1218						P53885																								
1219																									P53889					
1220						P53897																								
1221	P53900																													
1222	P53905																													
1223						P53909																								
1224	P53912																													
1225							P53914																							
1226						P53920																								
1227	P53927																													
1228						P53929																								
1229						P53941																								
1230																								P53946						
1231						P53953																								
1232																								P53969						
1233																									P53978					
1234							P53981																							
1235																										P54000				
1236							P54003																							
1237						P54113																								
1238						P54114																								
1239		P54115																												
1240							P54730																							
1241						P54781																								
1242						P54783																								
1243								P54837																						
1244						P54838																								
1245						P54839																								
1246	P54860																													
1247						P54861																								
1248						P54885																								
1249						P57743																								
1250		P57744																												
1251	P60010																													
1252																													P61830	
1253																							P69771							
1254	P69850																													
1255						P80210																								
1256																													P80428	
1257						P80967																								
1258							P81449																							
1259							P81450																							
1260						P81451																								
1261	P87108																													
1262						P89105																								
1263																									P89886					
1264						Q00055																								
1265																										Q00245				
1266						Q00711																								
1267						Q00764																								
1268								Q00816																						
1269	Q00955																													
1270						Q01080																								
1271		Q01217																												
1272						Q01454																								
1273		Q01476																												
1274						Q01519																								
1275						Q01532																								
1276						Q01560																								
1277	Q01662																													
1278					Q01722																									
1279																											Q01852			
1280		Q01855																												
1281						Q01939																								
1282							Q01976																							
1283							Q02046																							
1284						Q02159																								
1285						Q02196																								
1286						Q02201																								
1287							Q02326																							
1288																										Q02354				
1289							Q02486																							
1290							Q02642																							
1291						Q02754																								
1292		Q02772																												
1293		Q02776																												
1294	Q02784																													
1295																									Q02785					
1296																							Q02795							
1297						Q02821																								
1298	Q02875																													
1299																									Q02892					
1300		Q02908																												
1301						Q02931																								
1302						Q02933																								
1303	Q03034																													
1304	Q03048																													
1305	Q03088																													
1306	Q03102																													
1307		Q03103																												
1308						Q03104																								
1309					Q03124																									
1310						Q03161																								
1311							Q03178																							
1312																									Q03195					
1313							Q03233																							
1314							Q03262																							
1315	Q03280																													
1316																										Q03429				
1317																			Q03503											
1318		Q03516																												
1319							Q03529																							
1320						Q03532																								
1321		Q03533																												
1322						Q03558																								
1323																										Q03559				
1324						Q03640																								
1325																														Q03655
1326		Q03667																												
1327	Q03674																													
1328	Q03677																													
1329						Q03690																								
1330							Q03705																							
1331						Q03735																								
1332						Q03768																								
1333						Q03774																								
1334																													Q03834	
1335	Q03835																													
1336						Q03862																								
1337			Q03921																											
1338	Q03940																													
1339																														Q03954
1340	Q03973																													
1341		Q04013																												
1342																									Q04062					
1343						Q04067																								
1344						Q04119																								
1345						Q04120																								
1346						Q04175																								
1347																									Q04178					
1348																												Q04213		
1349						Q04225																								
1350						Q04279																								
1351						Q04304																								
1352						Q04305																								
1353																					Q04307									
1354						Q04336																								
1355						Q04338																								
1356							Q04341																							
1357						Q04344																								
1358	Q04371																													
1359						Q04373																								
1360						Q04409																								
1361						Q04430																								
1362						Q04432																								
1363																													Q04439	
1364						Q04458																								
1365		Q04491																												
1366	Q04493																													
1367																									Q04500					
1368						Q04533																								
1369					Q04562																									
1370							Q04599																							
1371		Q04600																												
1372						Q04636																								
1373						Q04660																								
1374					Q04697																									
1375						Q04728																								
1376						Q04739																								
1377															Q04773															
1378						Q04792																								
1379	Q04869																													
1380						Q04894																								
1381							Q04934																							
1382							Q04935																							
1383			Q04947																											
1384																										Q04951				
1385							Q04952																							
1386																									Q05015					
1387						Q05016																								
1388						Q05022																								
1389						Q05040																								
1390						Q05050																								
1391						Q05506																								
1392																					Q05515									
1393	Q05541																													
1394	Q05567																													
1395						Q05584																								
1396						Q05636																								
1397						Q05775																								
1398							Q05785																							
1399																									Q05812					
1400	Q05874																													
1401							Q05905																							
1402						Q05911																								
1403						Q05926																								
1404			Q05931																											
1405		Q05933																												
1406						Q05942																								
1407																				Q05946										
1408						Q05979																								
1409		Q06011																												
1410	Q06053																													
1411						Q06078																								
1412							Q06103																							
1413						Q06106																								
1414						Q06107																								
1415				Q06143																										
1416						Q06146																								
1417						Q06151																								
1418																				Q06168										
1419																									Q06169					
1420						Q06205																								
1421						Q06217																								
1422						Q06251																								
1423						Q06252																								
1424						Q06336																								
1425						Q06338																								
1426																									Q06344					
1427				Q06385																										
1428						Q06405																								
1429				Q06406																										
1430						Q06449																								
1431						Q06451																								
1432						Q06489																								
1433						Q06494																								
1434							Q06506																							
1435																							Q06523							
1436						Q06549																								
1437		Q06608																												
1438						Q06625																								
1439						Q06631																								
1440																													Q06639	
1441																									Q06672					
1442						Q06679																								
1443	Q06685																													
1444																										Q06705				
1445																									Q06709					
1446						Q06833																								
1447																									Q06991					
1448		Q07362																												
1449																									Q07451					
1450		Q07478																												
1451	Q07540																													
1452						Q07551																								
1453	Q07589																													
1454						Q07623																								
1455						Q07648																								
1456						Q07653																								
1457																										Q07657				
1458																													Q07688	
1459						Q07716																								
1460		Q07807																												
1461						Q07825																								
1462						Q07844																								
1463						Q07878																								
1464						Q07896																								
1465						Q07897																								
1466						Q07915																								
1467																					Q07923									
1468	Q07938																													
1469																									Q07953					
1470						Q07979																								
1471	Q08004																													
1472																				Q08162										
1473		Q08193																												
1474	Q08199																													
1475																		Q08208												
1476		Q08220																												
1477					Q08225																									
1478						Q08235																								
1479																										Q08245				
1480																														Q08412
1481																									Q08421					
1482						Q08492																								
1483						Q08601																								
1484																											Q08641			
1485	Q08645																													
1486						Q08647																								
1487							Q08686																							
1488																									Q08687					
1489																														Q08723
1490						Q08732																								
1491	Q08742																													
1492						Q08746																								
1493							Q08822																							
1494																												Q08826		
1495						Q08873																								
1496					Q08920																									
1497						Q08924																								
1498																														Q08925
1499						Q08926																								
1500	Q08954																													
1501	Q08960																													
1502						Q08962																								
1503						Q08965																								
1504																									Q08968					
1505																					Q08971									
1506					Q08972																									
1507						Q08977																								
1508																									Q08979					
1509						Q08985																								
1510																														Q10740
1511						Q12000																								
1512						Q12008																								
1513						Q12009																								
1514						Q12012																								
1515						Q12017																								
1516						Q12019																								
1517						Q12024																								
1518	Q12025																													
1519																													Q12028	
1520						Q12029																								
1521	Q12030																													
1522						Q12032																								
1523		Q12034																												
1524						Q12040																								
1525																					Q12044									
1526	Q12055																													
1527	Q12068																													
1528						Q12074																								
1529																									Q12084					
1530							Q12091																							
1531						Q12109																								
1532		Q12114																												
1533																										Q12117				
1534						Q12122																								
1535						Q12123																								
1536																														Q12125
1537						Q12136																								
1538																				Q12146										
1539																									Q12154					
1540																													Q12156	
1541						Q12164																								
1542						Q12166																								
1543						Q12176																								
1544	Q12178																													
1545	Q12184																													
1546						Q12189																								
1547	Q12191																													
1548						Q12200																								
1549																												Q12206		
1550							Q12207																							
1551						Q12211																								
1552							Q12213																							
1553		Q12230																												
1554						Q12233																								
1555						Q12242																								
1556												Q12246																		
1557		Q12250																												
1558	Q12262																													
1559							Q12265																							
1560						Q12271																								
1561	Q12285																													
1562		Q12287																												
1563							Q12288																							
1564	Q12296																													
1565		Q12305																												
1566	Q12306																													
1567						Q12314																								
1568						Q12329																								
1569						Q12335																								
1570																									Q12339					
1571																					Q12349									
1572						Q12355																								
1573							Q12363																							
1574						Q12374																								
1575	Q12377																													
1576						Q12389																								
1577							Q12402																							
1578							Q12403																							
1579	Q12404																													
1580																				Q12408										
1581				Q12415																										
1582						Q12443																								
1583	Q12447																													
1584						Q12449																								
1585		Q12452																												
1586						Q12453																								
1587		Q12458																												
1588						Q12460																								
1589						Q12462																								
1590																				Q12464										
1591						Q12466																								
1592	Q12480																													
1593		Q12486																												
1594					Q12496																									
1595						Q12497																								
1596						Q12499																								
1597						Q12513																								
1598		Q12515																												
1599	Q12518																													
1600																									Q12522					
1601						Q12523																								
1602							Q12680																							
1603					Q12692																									
1604						Q12746																								
1605						Q12754																								
1606							Q2V2P4																							
1607						Q2V2P9																								
1608						Q3E705																								
1609						Q3E756																								
1610	Q3E764																													
1611								Q3E772																						
1612	Q3E7A3																													
1613																					Q3E7B7									
1614	Q3E7Z5																													
1615						Q3E824																								
1616	Q3E833																													
1617						Q3E841																								
1618		Q3E846																												
1619	Q6Q546																													
1620						Q6Q547																								
1621							Q6Q560																							
1622	Q86ZR7																													
1623	Q92317																													
1624							Q96VH4																							
1625							Q96VH5																							
1626																					Q99189									
1627							Q99190																							
1628						Q99207																								
1629																									Q99216					
1630						Q99247																								
1631			Q99257																											
1632						Q99258																								
1633	Q99260																													
1634						Q99287																								
1635		Q99297																												
1636						Q99312																								
1637	Q99321																													
1638							Q99369																							
1639																									Q99383					
